{
	"format_version": "1.9.0",
	"credit": "Made with Blockbench",
	"texture_size": [96, 96],
	"textures": {
		"0": "jumbo_smoked_salmon"
	},
	"elements": [
		{
			"from": [0, 0, 0],
			"to": [16, 2, 16],
			"faces": {
				"north": {"uv": [2.66667, 5.33333, 5.33333, 5.66667], "texture": "#0"},
				"east": {"uv": [10.66667, 5.33333, 13.33333, 5.66667], "texture": "#0"},
				"south": {"uv": [2.66667, 5.33333, 5.33333, 5.66667], "texture": "#0"},
				"west": {"uv": [8, 5.33333, 10.66667, 5.66667], "texture": "#0"},
				"up": {"uv": [5.33333, 5.33333, 2.66667, 2.66667], "texture": "#0"},
				"down": {"uv": [13.33333, 2.66667, 10.66667, 5.33333], "texture": "#0"}
			}
		},
		{
			"from": [2, 0, 2.975],
			"to": [18, 6, 15.975],
			"rotation": {"angle": 22.5, "axis": "z", "origin": [2, 6, 2.975]},
			"faces": {
				"north": {"uv": [0, 12.83333, 2.66667, 13.83333], "texture": "#0"},
				"east": {"uv": [2.66667, 10.66667, 4.83333, 11.66667], "texture": "#0"},
				"south": {"uv": [0, 9.66667, 2.66667, 10.66667], "texture": "#0"},
				"west": {"uv": [4.83333, 9.66667, 2.66667, 10.66667], "texture": "#0"},
				"up": {"uv": [2.66667, 12.83333, 0, 10.66667], "texture": "#0"},
				"down": {"uv": [0, 13.83333, 2.66667, 16], "texture": "#0"}
			}
		}
	],
	"display": {
		"thirdperson_righthand": {
			"rotation": [55, 0, 0],
			"translation": [0, 6, -2.5],
			"scale": [0.3, 0.3, 0.3]
		},
		"thirdperson_lefthand": {
			"rotation": [55, 0, 0],
			"translation": [0, 6, -2.5],
			"scale": [0.3, 0.3, 0.3]
		},
		"firstperson_righthand": {
			"rotation": [9, 9, 6],
			"translation": [1.5, 3, 0],
			"scale": [0.2, 0.2, 0.2]
		},
		"firstperson_lefthand": {
			"rotation": [9, -180, -8],
			"translation": [1.5, 2, 2.25],
			"scale": [0.2, 0.2, 0.2]
		},
		"ground": {
			"translation": [0, 1.5, 0.5],
			"scale": [0.3, 0.3, 0.3]
		},
		"gui": {
			"rotation": [45, 148, 0],
			"translation": [-1.25, -2.5, 0],
			"scale": [0.26, 0.26, 0.26]
		},
		"head": {
			"translation": [0, 11.25, -4.25],
			"scale": [0.5, 0.5, 0.5]
		},
		"fixed": {
			"rotation": [-90, 0, 0],
			"translation": [0, -8, -6.25]
		}
	},
	"groups": [
		{
			"name": "group",
			"origin": [0, 2, 2],
			"color": 0,
			"children": [0, 1]
		}
	]
}